"subject_id_x","admittime_y","dischtime","Age","gender","ethnicity","insurance","label","dod","charttime","admittime_x","lab_time_from_admit","valuenum"
102341,2164-10-15 10:35:00,2164-10-22 11:41:00,41,M,WHITE,Other,0,1970-01-01,2164-10-17 14:11:00,2164-10-15 10:35:00,13.516667,25.8
102342,2118-03-10 16:42:00,2118-03-17 10:29:00,28,F,BLACK/AFRICAN AMERICAN,Medicare,0,1970-01-01,2118-03-14 11:25:00,2118-03-10 16:42:00,29.633333,18.3
102343,2171-08-31 22:00:00,2171-09-08 18:51:00,69,M,UNKNOWN,Other,1,2171-09-08,2171-09-06 07:45:00,2171-08-31 22:00:00,56.05,10.4
102344,2146-04-04 03:00:00,2146-04-11 13:58:00,46,F,WHITE,Medicare,0,1970-01-01,2146-04-07 17:44:00,2146-04-04 03:00:00,3.383333,57.8
102345,2122-06-29 15:15:00,2122-07-06 17:41:00,22,M,WHITE,Other,1,2122-07-06,2122-07-05 14:31:00,2122-06-29 15:15:00,57.516667,75.9
102346,2173-10-18 11:49:00,2173-10-25 11:29:00,53,F,OTHER,Other,0,1970-01-01,2173-10-20 13:51:00,2173-10-18 11:49:00,11.783333,8.1
102347,2130-11-24 17:40:00,2130-12-01 18:09:00,77,M,WHITE,Medicare,1,2130-12-01,2130-11-29 15:47:00,2130-11-24 17:40:00,115.45,12.2
102348,2163-02-14 17:07:00,2163-02-21 13:52:00,36,F,WHITE,Other,0,1970-01-01,2163-02-18 11:26:00,2163-02-14 17:07:00,66.483333,6.8
102349,2139-11-18 00:08:00,2139-11-25 18:22:00,49,M,BLACK/AFRICAN AMERICAN,Medicare,1,2139-11-25,2139-11-22 09:03:00,2139-11-18 00:08:00,83.183333,15.9
102350,2121-04-06 07:04:00,2121-04-13 10:15:00,75,F,WHITE,Medicare,0,1970-01-01,2121-04-10 15:36:00,2121-04-06 07:04:00,4.4,30.9
102351,2136-03-12 08:15:00,2136-03-19 16:57:00,25,M,WHITE,Other,0,1970-01-01,2136-03-15 09:32:00,2136-03-12 08:15:00,78.483333,48.6
102352,2128-07-22 20:49:00,2128-07-29 13:14:00,82,F,BLACK/AFRICAN AMERICAN,Other,1,2128-07-29,2128-07-27 09:06:00,2128-07-22 20:49:00,21.066667,67.7
102353,2133-08-05 15:53:00,2133-08-12 18:13:00,64,M,UNKNOWN,Medicare,0,1970-01-01,2133-08-09 15:09:00,2133-08-05 15:53:00,22.383333,51.3
102354,2168-02-24 06:39:00,2168-03-03 14:11:00,42,F,WHITE,Other,1,2168-03-03,2168-03-02 10:11:00,2168-02-24 06:39:00,157.233333,79.2
102355,2131-10-15 22:50:00,2131-10-22 17:37:00,69,M,WHITE,Medicare,0,1970-01-01,2131-10-18 13:44:00,2131-10-15 22:50:00,5.066667,4.1
102356,2170-04-28 02:23:00,2170-05-05 18:41:00,58,F,OTHER,Other,1,2170-05-05,2170-05-04 07:04:00,2170-04-28 02:23:00,15.4,81.6
102357,2137-09-16 08:51:00,2137-09-23 14:22:00,85,M,WHITE,Medicare,0,1970-01-01,2137-09-20 01:52:00,2137-09-16 08:51:00,69.466667,22.2
102358,2124-06-08 06:39:00,2124-06-15 15:40:00,51,F,BLACK/AFRICAN AMERICAN,Medicare,0,1970-01-01,2124-06-11 11:58:00,2124-06-08 06:39:00,36.616667,38.4
102359,2166-08-18 19:32:00,2166-08-25 16:01:00,61,M,WHITE,Other,1,2166-08-25,2166-08-24 14:16:00,2166-08-18 19:32:00,54.233333,76.2
102360,2126-08-22 12:58:00,2126-08-29 18:38:00,29,F,BLACK/AFRICAN AMERICAN,Other,1,2126-08-29,2126-08-28 08:42:00,2126-08-22 12:58:00,103.566667,67.6
102361,2148-02-20 09:49:00,2148-02-27 18:41:00,43,M,WHITE,Medicare,0,1970-01-01,2148-02-24 18:24:00,2148-02-20 09:49:00,8.533333,47.9
102362,2174-01-25 08:18:00,2174-02-01 18:11:00,50,F,WHITE,Other,1,2174-02-01,2174-01-31 15:33:00,2174-01-25 08:18:00,61.183333,59.2
102363,2129-06-01 20:54:00,2129-06-08 13:22:00,76,M,BLACK/AFRICAN AMERICAN,Medicare,0,1970-01-01,2129-06-06 11:08:00,2129-06-01 20:54:00,129.816667,51.3
102364,2158-07-27 08:36:00,2158-08-03 16:39:00,62,F,WHITE,Other,1,2158-08-03,2158-08-02 07:47:00,2158-07-27 08:36:00,30.216667,87.8
102365,2169-03-26 13:58:00,2169-04-02 13:52:00,40,M,WHITE,Medicare,0,1970-01-01,2169-04-01 16:09:00,2169-03-26 13:58:00,19.2,52.9
102366,2147-10-25 15:42:00,2147-11-01 14:25:00,33,F,OTHER,Medicare,1,2147-11-01,2147-10-31 09:31:00,2147-10-25 15:42:00,69.65,8.3
102367,2172-07-18 11:47:00,2172-07-25 16:05:00,55,M,BLACK/AFRICAN AMERICAN,Other,1,2172-07-25,2172-07-24 09:45:00,2172-07-18 11:47:00,14.15,56.7
102368,2135-11-07 21:35:00,2135-11-14 17:31:00,83,F,WHITE,Medicare,0,1970-01-01,2135-11-10 14:44:00,2135-11-07 21:35:00,29.066667,38.2
102369,2138-06-28 17:51:00,2138-07-05 16:41:00,73,M,WHITE,Other,1,2138-07-05,2138-07-04 08:55:00,2138-06-28 17:51:00,62.216667,53.6
102370,2145-10-29 08:33:00,2145-11-05 13:34:00,51,F,WHITE,Medicare,0,1970-01-01,2145-11-04 15:51:00,2145-10-29 08:33:00,6.4,57.5
102371,2143-02-01 11:42:00,2143-02-08 18:50:00,36,M,BLACK/AFRICAN AMERICAN,Medicare,1,2143-02-08,2143-02-07 08:14:00,2143-02-01 11:42:00,85.25,20.7
102372,2162-09-29 15:41:00,2162-10-06 11:24:00,54,F,UNKNOWN,Other,0,1970-01-01,2162-10-04 13:31:00,2162-09-29 15:41:00,134.65,70.4
102373,2123-08-16 12:51:00,2123-08-23 16:36:00,64,M,WHITE,Medicare,1,2123-08-23,2123-08-22 08:14:00,2123-08-16 12:51:00,88.05,55.6
102374,2149-05-06 07:32:00,2149-05-13 11:27:00,72,F,WHITE,Other,0,1970-01-01,2149-05-11 11:05:00,2149-05-06 07:32:00,51.066667,20.4
102375,2167-05-06 03:22:00,2167-05-13 16:07:00,33,M,BLACK/AFRICAN AMERICAN,Other,1,2167-05-13,2167-05-12 09:25:00,2167-05-06 03:22:00,7.816667,47.9
102376,2134-06-19 15:13:00,2134-06-26 17:56:00,74,F,WHITE,Medicare,0,1970-01-01,2134-06-24 16:17:00,2134-06-19 15:13:00,134.933333,25.3
102377,2160-05-08 13:09:00,2160-05-15 14:48:00,42,M,WHITE,Medicare,0,1970-01-01,2160-05-12 08:39:00,2160-05-08 13:09:00,41.8,41.5
102378,2132-09-14 10:47:00,2132-09-21 13:50:00,66,F,WHITE,Other,1,2132-09-21,2132-09-20 09:24:00,2132-09-14 10:47:00,85.466667,40.7
102379,2164-04-26 14:46:00,2164-05-03 16:42:00,45,M,WHITE,Medicare,0,1970-01-01,2164-04-30 10:28:00,2164-04-26 14:46:00,37.516667,16.4
102380,2161-06-30 14:59:00,2161-07-07 11:41:00,70,F,WHITE,Other,1,2161-07-07,2161-07-06 15:31:00,2161-06-30 14:59:00,6.633333,25.1
102381,2139-06-19 20:20:00,2139-06-26 18:23:00,62,M,BLACK/AFRICAN AMERICAN,Medicare,0,1970-01-01,2139-06-24 14:24:00,2139-06-19 20:20:00,103.75,62.1
102382,2159-07-07 03:31:00,2159-07-14 16:29:00,37,F,OTHER,Medicare,1,2159-07-14,2159-07-13 09:47:00,2159-07-07 03:31:00,81.366667,8.8
102383,2127-10-31 19:04:00,2127-11-07 17:26:00,73,M,WHITE,Other,0,1970-01-01,2127-11-05 11:29:00,2127-10-31 19:04:00,135.066667,6.3
102384,2144-09-11 10:26:00,2144-09-18 15:31:00,51,M,BLACK/AFRICAN AMERICAN,Medicare,1,2144-09-18,2144-09-17 14:18:00,2144-09-11 10:26:00,20.05,4.9
102385,2165-03-23 16:10:00,2165-03-30 10:45:00,76,F,WHITE,Other,0,1970-01-01,2165-03-27 15:55:00,2165-03-23 16:10:00,5.55,64.1
102386,2173-02-14 13:35:00,2173-02-21 11:32:00,63,M,WHITE,Other,1,2173-02-21,2173-02-20 07:56:00,2173-02-14 13:35:00,48.616667,73.9
102387,2163-09-25 16:28:00,2163-10-02 17:06:00,77,M,BLACK/AFRICAN AMERICAN,Medicare,0,1970-01-01,2163-09-30 08:47:00,2163-09-25 16:28:00,25.066667,89.7
102388,2128-11-01 09:46:00,2128-11-08 13:27:00,74,F,WHITE,Other,1,2128-11-08,2128-11-07 13:52:00,2128-11-01 09:46:00,14.1,48.2
102389,2142-04-08 07:42:00,2142-04-15 16:04:00,68,M,BLACK/AFRICAN AMERICAN,Medicare,0,1970-01-01,2142-04-12 11:11:00,2142-04-08 07:42:00,2.0,37.6
102390,2126-02-14 01:41:00,2126-02-21 14:47:00,69,F,UNKNOWN,Other,1,2126-02-21,2126-02-20 11:19:00,2126-02-14 01:41:00,180.75,34.8
102391,2175-08-25 08:46:00,2175-09-01 16:57:00,61,M,WHITE,Other,0,1970-01-01,2175-08-31 11:33:00,2175-08-25 08:46:00,25.05,71.4
102392,2136-10-08 13:22:00,2136-10-15 18:37:00,42,F,BLACK/AFRICAN AMERICAN,Medicare,1,2136-10-15,2136-10-14 14:57:00,2136-10-08 13:22:00,129.316667,63.5
102393,2157-02-07 11:01:00,2157-02-14 11:12:00,55,M,WHITE,Medicare,0,1970-01-01,2157-02-11 15:30:00,2157-02-07 11:01:00,29.016667,89.3
102394,2122-09-12 23:34:00,2122-09-19 13:51:00,65,M,UNKNOWN,Other,1,2122-09-19,2122-09-18 11:21:00,2122-09-12 23:34:00,140.366667,54.9
102395,2140-05-29 02:48:00,2140-06-05 10:47:00,31,F,WHITE,Other,0,1970-01-01,2140-06-02 16:31:00,2140-05-29 02:48:00,31.416667,88.1
100000,"2178-01-15 11:20:00","2178-01-22 13:15:00",58,"M","WHITE","Other",0,"1970-01-01","2178-01-17 14:05:00","2178-01-15 11:20:00",32.83,1.50
100001,"2179-06-02 14:40:00","2179-06-09 10:10:00",35,"F","ASIAN","Medicaid",0,"1970-01-01","2179-06-05 11:25:00","2179-06-02 14:40:00",18.42,8.20
100002,"2180-09-26 17:00:00","2180-10-03 16:00:00",82,"M","BLACK/AFRICAN AMERICAN","Medicare",1,"2180-10-03","2180-09-30 12:40:00","2180-09-26 17:00:00",59.33,22.00
100003,"2178-04-11 09:15:00","2178-04-18 12:30:00",61,"F","HISPANIC/LATINO","Other",0,"1970-01-01","2178-04-14 10:35:00","2178-04-11 09:15:00",-9.25,4.50
100004,"2177-12-18 12:50:00","2178-01-02 11:45:00",42,"M","WHITE","Medicaid",0,"1970-01-01","2177-12-22 13:31:00","2177-12-18 12:50:00",-35.00,0.00
100005,"2181-03-06 15:10:00","2181-03-13 14:40:00",78,"F","BLACK/CAPE VERDEAN","Medicare",0,"1970-01-01","2181-03-09 10:55:00","2181-03-06 15:10:00",65.83,12.00
100006,"2178-05-23 11:33:00","2178-05-30 17:45:00",39,"M","ASIAN","Other",0,"1970-01-01","2178-05-26 14:29:00","2178-05-23 11:33:00",42.67,19.00
100007,"2180-08-16 18:10:00","2180-08-23 15:10:00",63,"F","HISPANIC/LATINO","Medicaid",0,"1970-01-01","2180-08-19 11:15:00","2180-08-16 18:10:00",-17.25,7.50
100008,"2179-01-30 13:05:00","2179-02-06 12:35:00",86,"M","WHITE","Medicare",1,"2179-02-06","2179-02-03 10:47:00","2179-01-30 13:05:00",101.58,30.00
100009,"2177-10-24 09:40:00","2177-10-31 17:00:00",47,"F","BLACK/AFRICAN AMERICAN","Other",0,"1970-01-01","2177-10-27 14:50:00","2177-10-24 09:40:00",51.42,16.00
100995,"2181-11-29 10:30:00","2181-12-06 12:20:00",66,"M","WHITE","Medicaid",0,"1970-01-01","2181-11-30 11:31:00","2181-11-29 10:30:00",-52.58,6.50
100996,"2180-04-14 13:15:00","2180-04-21 14:45:00",56,"F","HISPANIC/LATINO","Other",0,"1970-01-01","2180-04-17 15:00:00","2180-04-14 13:15:00",49.67,10.00
100997,"2179-09-17 16:55:00","2179-09-24 13:15:00",40,"M","ASIAN","Medicare",0,"1970-01-01","2179-09-20 10:55:00","2179-09-17 16:55:00",73.08,24.00
100998,"2177-07-18 11:50:00","2177-07-25 18:50:00",68,"F","BLACK/CAPE VERDEAN","Medicaid",0,"1970-01-01","2177-07-21 12:40:00","2177-07-18 11:50:00",-41.00,4.00
100999,"2181-01-02 13:30:00","2181-01-09 16:10:00",72,"M","WHITE","Medicare",1,"2181-01-09","2181-01-05 10:10:00","2181-01-02 13:30:00",137.25,33.00
100001,2142-01-10 10:30:00,2142-01-20 12:00:00,62,M,WHITE,Medicare,0,1970-01-01,2142-01-12 08:00:00,2142-01-10 10:30:00,22.33,151.90
100002,2156-03-25 15:15:00,2156-04-03 10:00:00,55,M,BLACK/AFRICAN AMERICAN,Medicaid,0,1970-01-01,2156-03-28 11:00:00,2156-03-25 15:15:00,72.33,50.11
100003,2139-10-18 19:45:00,2139-11-02 15:00:00,71,F,HISPANIC/LATINO - CUBAN,Other,0,1970-01-01,2139-10-22 10:00:00,2139-10-18 19:45:00,85.17,20.49
100004,2164-06-20 09:50:00,2164-07-02 12:00:00,42,F,WHITE,Medicare,1,2164-07-02,2164-06-24 08:30:00,2164-06-20 09:50:00,34.67,91.41
100005,2148-04-15 11:40:00,2148-04-25 10:00:00,49,M,ASIAN,Medicaid,0,1970-01-01,2148-04-20 09:30:00,2148-04-15 11:40:00,110.83,18.29
100996,2158-09-01 17:10:00,2158-09-10 14:00:00,67,M,WHITE,Other,0,1970-01-01,2158-09-04 08:00:00,2158-09-01 17:10:00,42.25,150.06
100997,2135-01-05 12:00:00,2135-01-15 10:00:00,78,F,HISPANIC/LATINO - PUERTO RICAN,Medicare,0,1970-01-01,2135-01-08 10:00:00,2135-01-05 12:00:00,59.33,34.72
100998,2166-12-22 10:30:00,2167-01-03 12:00:00,31,M,ASIAN,Medicaid,0,1970-01-01,2166-12-25 09:30:00,2166-12-22 10:30:00,95.33,21.83
100999,2154-07-16 09:20:00,2154-07-25 10:00:00,65,F,WHITE,Other,0,1970-01-01,2154-07-20 11:00:00,2154-07-16 09:20:00,75.92,76.23
101000,2150-03-20 14:50:00,2150-04-01 10:00:00,56,M,HISPANIC/LATINO - DOMINICAN,Medicare,1,2150-04-01,2150-03-25 10:30:00,2150-03-20 14:50:00,52.25,83.81
10039571,"2121-09-04 10:05:00","2121-09-11 10:00:00",55,"M","WHITE","Other",0,"1970-01-01","2121-09-09 12:52:00","2121-09-04 10:05:00",4342.3,85.0
10030513,"2156-01-12 11:41:00","2156-01-19 16:25:00",70,"F","HISPANIC/LATINO - MEXICAN","Medicaid",0,"1970-01-01","2156-01-17 15:04:00","2156-01-12 11:41:00",1918.3,42.5
10041985,"2163-07-23 03:01:00","2163-07-31 13:30:00",58,"M","BLACK/AFRICAN AMERICAN","Other",0,"1970-01-01","2163-07-30 12:10:00","2163-07-23 03:01:00",-150.5,3.1
10050218,"2132-04-18 16:01:00","2132-04-25 08:20:00",63,"F","WHITE","Other",0,"1970-01-01","2132-04-24 20:58:00","2132-04-18 16:01:00",11371.5,50.8
10027895,"2193-06-12 08:54:00","2193-06-19 08:50:00",45,"M","WHITE","Other",0,"1970-01-01","2193-06-16 14:20:00","2193-06-12 08:54:00",-302.9,57.2
10047494,"2170-09-22 19:59:00","2170-09-30 08:25:00",76,"F","HISPANIC/LATINO - PUERTO RICAN","Medicaid",0,"1970-01-01","2170-09-27 13:41:00","2170-09-22 19:59:00",11422.4,120.5
10059385,"2110-06-14 04:07:00","2110-06-21 14:05:00",60,"M","WHITE","Other",0,"1970-01-01","2110-06-19 10:00:00","2110-06-14 04:07:00",4099.6,96.5
10043418,"2135-08-04 17:53:00","2135-08-12 16:20:00",69,"F","BLACK/AFRICAN AMERICAN","Other",0,"1970-01-01","2135-08-10 01:38:00","2135-08-04 17:53:00",-75.8,2.1
10028390,"2178-01-31 12:56:00","2178-02-08 17:25:00",51,"M","WHITE","Other",0,"1970-01-01","2178-02-06 06:09:00","2178-01-31 12:56:00",1131.1,11.9
10037288,"2125-05-17 06:33:00","2125-05-24 16:10:00",80,"F","BLACK/AFRICAN AMERICAN","Other",0,"1970-01-01","2125-05-21 04:12:00","2125-05-17 06:33:00",-149.8,107.9
21408,"2119-06-25 10:19:00","2119-07-01 11:02:00",68,"M","BLACK/AFRICAN AMERICAN","Medicare",0,"1970-01-01","2119-06-25 21:51:00","2119-06-25 10:19:00",47.9,45.6
31765,"2164-03-20 03:45:00","2164-03-27 12:34:00",80,"F","WHITE","Other",1,"2164-03-27","2164-03-22 03:15:00","2164-03-20 03:45:00",65.9,68.0
41251,"2117-05-22 14:52:00","2117-05-29 13:18:00",53,"F","HISPANIC/LATINO","Medicaid",1,"2117-05-29","2117-05-24 10:03:00","2117-05-22 14:52:00",83.5,55.8
54823,"2157-02-14 03:46:00","2157-02-18 11:05:00",60,"F","WHITE","Medicare",0,"1970-01-01","2157-02-14 10:48:00","2157-02-14 03:46:00",37.5,83.9
69281,"2125-01-04 16:43:00","2125-01-09 10:54:00",73,"M","BLACK/AFRICAN AMERICAN","Other",1,"2125-01-09","2125-01-05 01:28:00","2125-01-04 16:43:00",81.3,70.9
31886,"2129-08-08 10:37:00","2129-08-15 12:43:00",65,"M","WHITE","Medicare",1,"2129-08-15","2129-08-10 12:45:00","2129-08-08 10:37:00",48.1,37.1
43513,"2169-04-24 02:45:00","2169-04-30 09:16:00",76,"F","BLACK/AFRICAN AMERICAN","Medicaid",0,"1970-01-01","2169-04-25 01:52:00","2169-04-24 02:45:00",-9.0,42.6
54672,"2114-11-18 08:12:00","2114-11-24 09:50:00",66,"F","WHITE","Other",1,"2114-11-24","2114-11-19 04:41:00","2114-11-18 08:12:00",67.8,86.1
62798,"2151-09-23 10:52:00","2151-10-01 09:41:00",58,"M","HISPANIC/LATINO","Medicaid",0,"1970-01-01","2151-09-25 09:48:00","2151-09-23 10:52:00",-98.7,34.8
78243,"2123-02-11 13:51:00","2123-02-16 15:26:00",61,"F","ASIAN","Other",1,"2123-02-16","2123-02-12 07:31:00","2123-02-11 13:51:00",43.6,18.0
95665,"2162-02-23 21:35:00","2162-03-02 07:05:00",70,"F","WHITE","Medicare",1,"2162-03-02","2162-02-25 04:06:00","2162-02-23 21:35:00",88.1,50.0
11889,"2116-11-05 09:33:00","2116-11-12 04:00:00",55,"M","BLACK/AFRICAN AMERICAN","Other",0,"1970-01-01","2116-11-05 23:37:00","2116-11-05 09:33:00",70.5,26.1
1116,2114-06-27 21:50:00,2114-07-05 19:22:00,31,F,"BLACK/AFRICAN AMERICAN","Medicaid",0,1970-01-01,2114-06-30 13:34:00,2114-06-27 21:50:00,26195.8,128.55
7349,2100-09-18 09:59:00,2100-10-08 20:08:00,43,M,WHITE,"Other",1,2100-10-08,2100-09-26 10:23:00,2100-09-18 09:59:00,2484.4,15.52
12317,2134-04-10 08:56:00,2134-04-17 11:38:00,36,F,HISPANIC/LATINO,"Medicare",0,1970-01-01,2134-04-13 07:40:00,2134-04-10 08:56:00,335.3,13.31
19146,2101-02-15 00:35:00,2101-02-24 13:58:00,27,M,"ASIAN",Private,1,2101-02-24,2101-02-19 13:59:00,2101-02-15 00:35:00,23659.9,8.44
21445,2162-07-19 02:33:00,2162-08-06 20:28:00,53,F,WHITE,"Medicaid",0,1970-01-01,2162-07-26 07:00:00,2162-07-19 02:33:00,110362.2,99.43
16718,2116-08-12 07:12:00,2116-08-29 19:45:00,28,M,"BLACK/AFRICAN AMERICAN",Private,0,1970-01-01,2116-08-20 04:34:00,2116-08-12 07:12:00,45565.8,3.06
1318,2158-03-11 04:43:00,2158-03-24 14:15:00,60,M,HISPANIC/LATINO,"Other",1,2158-03-24,2158-03-18 12:17:00,2158-03-11 04:43:00,15910.2,15.15
15104,2129-04-08 20:36:00,2129-04-18 20:37:00,48,F,WHITE,"Medicare",0,1970-01-01,2129-04-12 23:05:00,2129-04-08 20:36:00,31143.6,30.39
19635,2185-10-27 06:38:00,2185-11-16 09:21:00,34,M,WHITE,Private,0,1970-01-01,2185-10-31 22:17:00,2185-10-27 06:38:00,17219.0,2.97
18143,2184-11-10 04:25:00,2184-11-20 21:30:00,56,F,WHITE,Private,0,1970-01-01,2184-11-15 14:01:00,2184-11-10 04:25:00,3848.8,87.15
10045321,"2123-10-28 14:21:00","2123-10-31 14:42:00",72,"M","BLACK/AFRICAN AMERICAN","Medicare",0,"1970-01-01","2123-10-29 09:45:00","2123-10-28 14:21:00",56.5,108.1
10028974,"2137-03-23 18:35:00","2137-04-02 17:03:00",59,"F","HISPANIC","Other",0,"1970-01-01","2137-03-25 14:14:00","2137-03-23 18:35:00",43.8,204.9
10046528,"2195-06-01 10:14:00","2195-06-16 15:45:00",38,"M","WHITE","Medicaid",0,"1970-01-01","2195-06-04 11:28:00","2195-06-01 10:14:00",51.2,74.5
10039498,"2147-02-14 16:49:00","2147-02-19 14:05:00",65,"F","ASIAN","Other",0,"1970-01-01","2147-02-16 18:47:00","2147-02-14 16:49:00",25.9,190.8
10047871,"2118-11-01 13:09:00","2118-11-07 18:51:00",44,"M","BLACK/AFRICAN AMERICAN","Medicare",0,"1970-01-01","2118-11-03 15:31:00","2118-11-01 13:09:00",47.4,241.1
10032191,"2164-08-16 11:10:00","2164-08-23 13:56:00",71,"F","WHITE","Medicaid",0,"1970-01-01","2164-08-19 16:17:00","2164-08-16 11:10:00",69.5,161.4
10049592,"2129-09-28 15:20:00","2129-10-03 15:25:00",51,"M","BLACK/CAPE VERDEAN","Other",0,"1970-01-01","2129-09-30 10:43:00","2129-09-28 15:20:00",38.9,132.8
10036859,"2172-04-04 09:12:00","2172-04-06 11:49:00",61,"F","HISPANIC","Medicare",0,"1970-01-01","2172-04-05 12:59:00","2172-04-04 09:12:00",30.6,214.2
10043410,"2134-01-30 16:57:00","2134-02-01 09:22:00",75,"M","WHITE","Other",0,"1970-01-01","2134-01-31 14:48:00","2134-01-30 16:57:00",20.8,74.1
10049161,"2153-05-04 18:40:00","2153-05-08 13:31:00",46,"F","BLACK/AFRICAN AMERICAN","Medicaid",0,"1970-01-01","2153-05-06 16:29:00","2153-05-04 18:40:00",43.9,168.2
10031902,"2184-12-26 13:50:00","2184-12-30 12:57:00",64,"M","HISPANIC","Other",0,"1970-01-01","2184-12-28 09:49:00","2184-12-26 13:50:00",55.9,225.9
10040342,"2141-07-08 17:47:00","2141-07-10 18:43:00",58,"F","ASIAN","Medicare",0,"1970-01-01","2141-07-09 15:45:00","2141-07-08 17:47:00",23.1,125.6
10045994,"2161-03-27 09:20:00","2161-04-03 15:13:00",69,"M","WHITE","Other",0,"1970-01-01","2161-03-29 09:34:00","2161-03-27 09:20:00",62.3,156.4
10031118,"2190-02-18 11:23:00","2190-02-24 16:01:00",70,"F","BLACK/AFRICAN AMERICAN","Medicaid",0,"1970-01-01","2190-02-19 09:31:00","2190-02-18 11:23:00",56.1,98.5
10044249,"2119-09-04 18:07:00","2119-09-06 10:35:00",60,"M","HISPANIC","Other",0,"1970-01-01","2119-09-05 13:45:00","2119-09-04 18:07:00",20.1,131.1
10047582,"2139-05-24 16:45:00","2139-05-28 12:09:00",76,"F","WHITE","Medicare",0,"1970-01-01","2139-05-25 16:34:00","2139-05-24 16:45:00",41.2,183.9
10035416,"2178-12-27 14:41:00","2178-12-31 16:33:00",54,"M","BLACK/AFRICAN AMERICAN","Other",0,"1970-01-01","2178-12-28 10:49:00","2178-12-27 14:41:00",65.3,129.2
10048883,"2132-10-10 18:49:00","2132-10-16 18:38:00",62,"F","HISPANIC","Medicaid",0,"1970-01-01","2132-10-11 11:15:00","2132-10-10 18:49:00",45.4,193.3
10033431,"2169-04-14 09:24:00","2169-04-17 09:38:00",49,"M","WHITE","Medicare",0,"1970-01-01","2169-04-15 13:41:00","2169-04-14 09:24:00",40.3,127.3
19847,2124-08-14 10:24:00,2124-08-21 13:42:00,72,M,WHITE,Medicare,0,1970-01-01,2124-08-18 03:15:00,2124-08-14 10:24:00,55.43,111.34
21358,2199-05-24 19:31:00,2199-06-01 09:44:00,56,F,BLACK/AFRICAN AMERICAN,Medicaid,0,2201-10-06,2199-05-29 09:04:00,2199-05-24 19:31:00,92.19,167.29
43892,2108-09-07 13:07:00,2108-09-15 13:26:00,59,M,WHITE,Other,0,1970-01-01,2108-09-10 02:37:00,2108-09-07 13:07:00,73.09,75.27
29635,2147-03-30 15:07:00,2147-04-05 13:55:00,93,F,BLACK/AFRICAN AMERICAN,Medicare,0,1970-01-01,2147-04-01 13:42:00,2147-03-30 15:07:00,-104.49,31.98
17342,2176-01-14 19:35:00,2176-01-22 09:28:00,77,M,WHITE,Medicare,0,2177-02-16,2176-01-20 14:28:00,2176-01-14 19:35:00,153.56,27.19
29525,2133-08-18 09:33:00,2133-08-25 11:34:00,73,M,WHITE,Other,0,1970-01-01,2133-08-23 02:07:00,2133-08-18 09:33:00,-28.58,71.09
14946,2121-09-25 12:40:00,2121-10-01 13:44:00,60,F,BLACK/CAPE VERDEAN,Medicare,0,2121-10-01,2121-09-29 14:33:00,2121-09-25 12:40:00,150.53,34.36
25933,2152-01-11 14:56:00,2152-01-19 09:47:00,84,M,WHITE,Medicare,1,2152-01-19,2152-01-15 08:59:00,2152-01-11 14:56:00,97.93,143.51
39717,2120-07-11 11:22:00,2120-07-19 09:40:00,68,F,BLACK/AFRICAN AMERICAN,Medicaid,0,1970-01-01,2120-07-14 11:27:00,2120-07-11 11:22:00,-87.08,44.31
19102,2132-08-25 12:46:00,2132-09-01 11:10:00,63,M,WHITE,Other,0,1970-01-01,2132-08-30 02:35:00,2132-08-25 12:46:00,71.92,108.34
41742,2168-07-16 09:09:00,2168-07-23 11:54:00,71,F,BLACK/AFRICAN AMERICAN,Medicare,1,2168-07-23,2168-07-19 09:46:00,2168-07-16 09:09:00,28.72,182.47
32595,2119-08-31 16:40:00,2119-09-07 13:09:00,81,M,WHITE,Medicare,0,1970-01-01,2119-09-03 08:14:00,2119-08-31 16:40:00,-58.23,8.29
44758,2123-09-08 10:57:00,2123-09-15 13:55:00,62,F,BLACK/AFRICAN AMERICAN,Medicaid,0,1970-01-01,2123-09-10 09:34:00,2123-09-08 10:57:00,-30.24,180.38
48033,2144-10-06 13:12:00,2144-10-15 14:27:00,64,M,WHITE,Other,0,1970-01-01,2144-10-09 02:37:00,2144-10-06 13:12:00,88.51,16.19
14253,2162-08-07 15:44:00,2162-08-15 13:34:00,70,F,BLACK/CAPE VERDEAN,Medicare,0,1970-01-01,2162-08-11 14:48:00,2162-08-07 15:44:00,-24.51,156.32
28679,2111-09-09 09:04:00,2111-09-17 14:13:00,67,M,WHITE,Medicare,0,1970-01-01,2111-09-15 11:44:00,2111-09-09 09:04:00,-57.35,55.88
28833,2189-05-30 17:34:00,2189-06-05 11:56:00,58,F,BLACK/AFRICAN AMERICAN,Medicaid,1,2189-06-05,2189-05-31 09:14:00,2189-05-30 17:34:00,121.58,142.98
41961,2182-11-15 11:43:00,2182-11-22 15:13:00,76,M,WHITE,Medicare,0,1970-01-01,2182-11-19 12:24:00,2182-11-15 11:43:00,-102.31,164.58
46226,2125-09-22 09:56:00,2125-09-30 09:24:00,79,F,BLACK/AFRICAN AMERICAN,Medicaid,0,1970-01-01,2125-09-25 13:49:00,2125-09-22 09:56:00,51.47,173.39
21687,2124-03-21 14:35:00,2124-03-28 12:44:00,89,M,WHITE,Medicare,0,1970-01-01,2124-03-25 10:50:00,2124-03-21 14:35:00,65.61,37.99
36242,2146-11-27 11:46:00,2146-12-06 10:59:00,69,F,WHITE,Other,0,1970-01-01,2146-11-30 15:55:00,2146-11-27 11:46:00,-17.51,68.64
43563,2102-09-30 09:32:00,2102-10-08 14:57:00,97,M,BLACK/CAPE VERDEAN,Medicaid,1,2102-10-08,2102-09-29 09:00:00,2102-09-30 09:32:00,-15.33,82.33
12324,2171-05-22 18:25:00,2171-05-28 14:20:00,75,F,WHITE,Medicare,0,1970-01-01,2171-05-24 08:51:00,2171-05-22 18:25:00,-66.15,104.55
25446,2129-02-19 15:31:00,2129-02-26 12:19:00,80,M,WHITE,Medicare,1,2129-02-26,2129-02-20 16:28:00,2129-02-19 15:31:00,97.97,74.79
44481,2129-07-06 19:23:00,2129-07-13 11:39:00,67,F,BLACK/AFRICAN AMERICAN,Medicare,0,1970-01-01,2129-07-10 10:54:00,2129-07-06 19:23:00,-103.65,143.31
43732,2183-09-03 16:27:00,2183-09-11 09:57:00,76,M,WHITE,Other,0,1970-01-01,2183-09-09 14:36:00,2183-09-03 16:27:00,16.74,83.82
27970,2166-11-07 08:57:00,2166-11-14 11:57:00,72,F,WHITE,Medicare,0,1970-01-01,2166-11-09 09:15:00,2166-11-07 08:57:00,-132.84,165.83
29222,2129-04-12 15:47:00,2129-04-19 09:45:00,86,F,WHITE,Medicare,0,1970-01-01,2129-04-16 18:58:00,2129-04-12 15:47:00,-15.45,108.01
21917,2128-05-13 09:55:00,2128-05-20 09:58:00,64,M,BLACK/CAPE VERDEAN,Medicare,0,1970-01-01,2128-05-15 18:55:00,2128-05-13 09:55:00,135.21,142.19
21995,2116-05-07 10:22:00,2116-05-14 11:19:00,98,F,WHITE,Other,1,2116-05-14,2116-05-08 09:53:00,2116-05-07 10:22:00,-94.18,2.12
28433,2151-05-15 14:04:00,2151-05-22 08:43:00,71,M,BLACK/AFRICAN AMERICAN,Medicare,0,1970-01-01,2151-05-17 17:31:00,2151-05-15 14:04:00,59.33,64.16
37586,2146-07-07 08:17:00,2146-07-15 09:15:00,62,F,WHITE,Other,0,1970-01-01,2146-07-08 09:39:00,2146-07-07 08:17:00,-121.49,88.17
36445,2175-04-24 18:40:00,2175-05-03 10:50:00,69,M,BLACK/CAUCASIAN,Medicare,0,1970-01-01,2175-04-25 09:51:00,2175-04-24 18:40:00,-117.71,66.67
24567,2189-05-03 18:59:00,2189-05-12 10:08:00,54,M,BLACK/AFRICAN AMERICAN,Medicaid,1,2189-05-12,2189-05-04 16:06:00,2189-05-03 18:59:00,-71.27,107.94
14418,2158-12-02 19:08:00,2158-12-10 10:53:00,89,M,WHITE,Medicare,0,1970-01-01,2158-12-05 09:57:00,2158-12-02 19:08:00,-139.30,1.67
18567,2176-12-25 19:04:00,2176-12-28 06:24:00,52,F,BLACK/AFRICAN AMERICAN,Medicaid,0,1970-01-01,2176-12-23 10:40:00,2176-12-25 19:04:00,-1.47,156.28
26180,2164-07-15 21:02:00,2164-07-22 10:17:00,71,M,WHITE,Medicare,0,1970-01-01,2164-07-16 14:15:00,2164-07-15 21:02:00,-118.10,108.09
10000559,"2163-05-02 19:33:00","2163-05-14 07:19:00",60,"F","WHITE","Other",0,"1970-01-01","2163-05-11 13:07:00","2163-05-02 19:33:00",82.43,31.5
10003978,"2142-07-18 08:46:00","2142-07-28 04:05:00",43,"M","BLACK","Medicare",0,"1970-01-01","2142-07-19 12:11:00","2142-07-18 08:46:00",33.58,0.11
10004779,"2161-01-27 15:11:00","2161-02-04 19:54:00",44,"F","HISPANIC","Other",0,"1970-01-01","2161-01-30 00:41:00","2161-01-27 15:11:00",80.35,38.46
10000095,"2164-03-24 01:47:00","2164-04-01 18:49:00",60,"M","WHITE","Other",0,"1970-01-01","2164-03-28 08:19:00","2164-03-24 01:47:00",24.06,7.44
10004492,"2166-08-24 23:51:00","2166-09-02 10:17:00",82,"F","WHITE","Medicare",0,"1970-01-01","2166-08-28 20:56:00","2166-08-24 23:51:00",56.67,49.36
10006593,"2120-02-07 00:35:00","2120-02-12 10:31:00",72,"M","WHITE","Other",0,"1970-01-01","2120-02-09 20:36:00","2120-02-07 00:35:00",48.58,14.87
10001414,"2185-09-28 02:22:00","2185-10-01 09:12:00",68,"F","BLACK","Medicare",0,"1970-01-01","2185-09-29 14:21:00","2185-09-28 02:22:00",50.83,15.35
10001604,"2153-05-30 03:53:00","2153-06-05 07:43:00",49,"M","ASIAN","Other",0,"1970-01-01","2153-06-01 13:13:00","2153-05-30 03:53:00",94.7,0.35
10000675,"2152-01-31 07:57:00","2152-02-08 05:50:00",95,"F","WHITE","Other",0,"1970-01-01","2152-02-05 02:47:00","2152-01-31 07:57:00",25.17,25.32
10004291,"2139-06-28 17:11:00","2139-07-04 00:41:00",89,"M","WHITE","Medicare",1,"2139-07-04 00:41:00","2139-07-02 04:31:00","2139-06-28 17:11:00",65.45,101.11
10007435,"2148-08-27 01:04:00","2148-09-05 23:30:00",67,"F","HISPANIC","Medicare",0,"1970-01-01","2148-09-02 00:14:00","2148-08-27 01:04:00",58.46,40.55
10000494,"2183-06-27 18:26:00","2183-07-09 09:34:00",81,"F","WHITE","Medicare",0,"1970-01-01","2183-07-04 07:56:00","2183-06-27 18:26:00",97.65,88.88
10007129,"2135-01-04 02:12:00","2135-01-14 12:48:00",44,"M","HISPANIC","Other",0,"1970-01-01","2135-01-09 08:37:00","2135-01-04 02:12:00",67.81,123.41
10001784,"2138-06-18 04:39:00","2138-06-24 12:38:00",87,"F","ASIAN","Other",0,"1970-01-01","2138-06-22 20:30:00","2138-06-18 04:39:00",54.82,74.28
10008098,"2174-02-25 12:59:00","2174-03-04 04:36:00",60,"F","WHITE","Medicare",0,"1970-01-01","2174-03-02 13:20:00","2174-02-25 12:59:00",58.55,64.93
10008894,"2127-07-03 09:12:00","2127-07-09 23:37:00",97,"F","BLACK","Other",0,"1970-01-01","2127-07-08 23:02:00","2127-07-03 09:12:00",50.09,49.56
10009658,"2171-04-09 16:11:00","2171-04-19 02:18:00",83,"F","WHITE","Other",0,"1970-01-01","2171-04-14 19:40:00","2171-04-09 16:11:00",95.92,0.18
10001174,"2136-08-07 10:23:00","2136-08-13 14:03:00",41,"M","WHITE","Medicare",0,"1970-01-01","2136-08-10 15:05:00","2136-08-07 10:23:00",47.94,80.1
10000459,"2121-05-01 14:22:00","2121-05-08 21:14:00",55,"F","ASIAN","Other",0,"1970-01-01","2121-05-04 21:42:00","2121-05-01 14:22:00",26.37,51.94
10009519,"2157-04-09 08:58:00","2157-04-15 06:59:00",68,"F","WHITE","Medicare",0,"1970-01-01","2157-04-12 19:07:00","2157-04-09 08:58:00",65.19,73.67
10005100,"2182-08-18 03:51:00","2182-08-28 06:48:00",69,"M","WHITE","Other",0,"1970-01-01","2182-08-25 19:31:00","2182-08-18 03:51:00",100.01,9.59
10008238,"2129-11-19 07:43:00","2129-12-02 15:31:00",96,"F","BLACK","Other",0,"1970-01-01","2129-11-25 09:43:00","2129-11-19 07:43:00",45.77,31.15
10002672,"2156-11-28 01:36:00","2156-12-01 16:20:00",48,"F","HISPANIC","Other",0,"1970-01-01","2156-11-30 04:01:00","2156-11-28 01:36:00",42.17,18.83
10001300,"2146-05-15 17:20:00","2146-05-22 20:48:00",56,"M","WHITE","Medicare",0,"1970-01-01","2146-05-20 10:24:00","2146-05-15 17:20:00",72.36,2.36
10002943,"2123-08-15 02:54:00","2123-08-22 12:24:00",95,"F","ASIAN","Other",0,"1970-01-01","2123-08-18 05:38:00","2123-08-15 02:54:00",59.73,65.96
10001819,"2154-10-01 14:35:00","2154-10-07 15:23:00",76,"F","WHITE","Medicare",0,"1970-01-01","2154-10-05 09:27:00","2154-10-01 14:35:00",22.46,25.42
10004819,"2129-08-12 02:22:00","2129-08-16 09:58:00",97,"M","BLACK","Other",0,"1970-01-01","2129-08-14 11:49:00","2129-08-12 02:22:00",37.53,89.03
10007032,"2165-02-28 09:59:00","2165-03-04 23:59:00",42,"F","HISPANIC","Other",0,"1970-01-01","2165-03-03 17:11:00","2165-02-28 09:59:00",62.26,59.77
10004814,"2175-10-30 03:24:00","2175-11-03 23:38:00",68,"M","WHITE","Other",0,"1970-01-01","2175-11-02 12:15:00","2175-10-30 03:24:00",47.65,13.39
10010176,"2128-03-16 17:19:00","2128-03-23 07:16:00",55,"F","WHITE","Other",0,"1970-01-01","2128-03-19 09:15:00","2128-03-16 17:19:00",59.75,130.09
10005953,"2144-04-21 04:01:00","2144-04-24 07:37:00",61,"M","WHITE","Medicare",0,"1970-01-01","2144-04-22 07:21:00","2144-04-21 04:01:00",91.16,70.61
10003842,"2144-03-14 13:52:00","2144-03-16 06:16:00",77,"F","HISPANIC","Other",0,"1970-01-01","2144-03-15 14:44:00","2144-03-14 13:52:00",50.28,91.81
10001199,"2127-01-20 14:55:00","2127-01-22 23:59:00",76,"F","ASIAN","Medicare",0,"1970-01-01","2127-01-21 23:06:00","2127-01-20 14:55:00",90.36,37.98
10000413,"2148-09-05 06:58:00","2148-09-10 14:37:00",61,"M","WHITE","Other",0,"1970-01-01","2148-09-08 19:10:00","2148-09-05 06:58:00",73.69,94.15
10006295,"2125-07-14 18:12:00","2125-07-18 19:21:00",72,"F","BLACK","Medicare",0,"1970-01-01","2125-07-17 03:59:00","2125-07-14 18:12:00",26.14,106.81
10009855,"2128-02-28 09:10:00","2128-03-04 14:55:00",57,"F","HISPANIC","Other",0,"1970-01-01","2128-03-03 06:41:00","2128-02-28 09:10:00",63.96,14.74
10005203,"2188-08-02 07:01:00","2188-08-04 23:29:00",66,"M","ASIAN","Medicare",0,"1970-01-01","2188-08-03 19:44:00","2188-08-02 07:01:00",69.52,102.83
10009059,"2166-11-05 05:18:00","2166-11-08 18:55:00",82,"F","WHITE","Other",0,"1970-01-01","2166-11-07 05:59:00","2166-11-05 05:18:00",22.35,63.95
10001583,"2158-01-31 00:15:00","2158-02-04 19:03:00",67,"M","BLACK","Other",0,"1970-01-01","2158-02-02 09:59:00","2158-01-31 00:15:00",52.86,136.84
10004537,"2126-08-20 09:25:00","2126-08-24 07:16:00",60,"F","HISPANIC","Other",0,"1970-01-01","2126-08-22 09:33:00","2126-08-20 09:25:00",20.41,34.48
10004047,"2159-01-16 03:45:00","2159-01-18 08:34:00",52,"M","WHITE","Other",0,"1970-01-01","2159-01-17 18:41:00","2159-01-16 03:45:00",18.47,32.33
10001415,"2163-01-04 07:04:00","2163-01-05 11:51:00",94,"F","WHITE","Medicare",0,"1970-01-01","2163-01-04 10:55:00","2163-01-04 07:04:00",70.76,7.61
10007517,"2151-04-16 04:54:00","2151-04-20 01:42:00",72,"F","ASIAN","Other",0,"1970-01-01","2151-04-19 04:09:00","2151-04-16 04:54:00",64.75,80.52
10001681,"2176-07-25 18:55:00","2176-08-01 15:41:00",78,"F","BLACK","Medicare",0,"1970-01-01","2176-07-29 13:55:00","2176-07-25 18:55:00",70.89,77.85
10000833,"2147-04-18 08:35:00","2147-04-23 07:42:00",73,"M","WHITE","Other",0,"1970-01-01","2147-04-21 15:49:00","2147-04-18 08:35:00",41.55,86.95
10009456,"2123-01-15 11:05:00","2123-01-19 15:51:00",63,"F","HISPANIC","Other",0,"1970-01-01","2123-01-18 09:05:00","2123-01-15 11:05:00",27.78,34.94
10004871,"2169-02-28 20:53:00","2170-03-05 00:13:00",56,"M","WHITE","Other",0,"1970-01-01","2170-03-03 16:02:00","2169-02-28 20:53:00",55.01,80.73
10001105,"2148-04-03 04:37:00","2148-04-08 18:43:00",85,"F","BLACK","Medicare",0,"1970-01-01","2148-04-05 19:00:00","2148-04-03 04:37:00",61.53,101.67
10001935,"2152-07-27 06:27:00","2152-08-01 22:47:00",44,"M","ASIAN","Other",0,"1970-01-01","2152-08-01 10:09:00","2152-07-27 06:27:00",49.91,10.2
10006756,"2121-05-10 15:34:00","2121-05-16 05:44:00",72,"F","WHITE","Other",0,"1970-01-01","2121-05-13 08:17:00","2121-05-10 15:34:00",56.57,36.23
10005107,"2166-06-27 07:20:00","2166-07-03 15:27:00",58,"M","HISPANIC","Other",0,"1970-01-01","2166-07-01 16:20:00","2166-06-27 07:20:00",56.38,29.19
10007250,"2174-10-23 12:51:00","2174-11-01 14:28:00",94,"F","WHITE","Medicare",0,"1970-01-01","2174-10-30 07:59:00","2174-10-23 12:51:00",96.66,64.86
10001713,"2126-08-21 20:55:00","2126-08-28 06:47:00",98,"F","BLACK","Other",0,"1970-01-01","2126-08-26 05:20:00","2126-08-21 20:55:00",45.48,121.05
10003085,"2153-01-20 19:38:00","2153-01-27 07:17:00",74,"F","ASIAN","Medicare",0,"1970-01-01","2153-01-24 18:08:00","2153-01-20 19:38:00",33.52,16.67
10003743,"2186-03-28 01:56:00","2186-04-05 11:43:00",50,"F","HISPANIC","Other",0,"1970-01-01","2186-04-01 04:16:00","2186-03-28 01:56:00",70.38,65.43
10006553,"2187-01-07 17:20:00","2187-01-15 19:26:00",76,"M","WHITE","Other",0,"1970-01-01","2187-01-12 02:01:00","2187-01-07 17:20:00",55.56,2.93
10005443,"2166-05-31 20:33:00","2166-06-03 06:48:00",75,"F","BLACK","Other",0,"1970-01-01","2166-06-02 11:04:00","2166-05-31 20:33:00",51.89,67.92
10001538,"2138-08-20 10:39:00","2138-08-23 04:59:00",95,"M","WHITE","Medicare",0,"1970-01-01","2138-08-22 10:32:00","2138-08-20 10:39:00",63.09,35.97
10006674,"2178-06-23 00:16:00","2178-06-26 06:34:00",69,"M","ASIAN","Other",0,"1970-01-01","2178-06-25 02:49:00","2178-06-23 00:16:00",42.25,46.44
10000382,"2165-11-22 08:30:00","2165-11-23 23:59:00",43,"F","WHITE","Other",0,"1970-01-01","2165-11-23 08:29:00","2165-11-22 08:30:00",53.39,109.58
10002279,"2143-09-17 02:56:00","2143-09-20 09:49:00",55,"F","BLACK","Other",0,"1970-01-01","2143-09-19 21:49:00","2143-09-17 02:56:00",76.52,84.26
10005216,"2145-06-13 01:33:00","2145-06-16 21:15:00",74,"F","HISPANIC","Other",0,"1970-01-01","2145-06-15 18:33:00","2145-06-13 01:33:00",29.45,87.07
10001218,"2157-09-09 09:14:00","2157-09-14 04:00:00",61,"F","BLACK","Medicare",0,"1970-01-01","2157-09-12 09:36:00","2157-09-09 09:14:00",69.78,34.74
10005775,"2146-09-02 10:26:00","2146-09-07 04:46:00",52,"M","WHITE","Other",0,"1970-01-01","2146-09-06 05:21:00","2146-09-02 10:26:00",72.05,6.65
10001983,"2166-04-25 09:21:00","2166-05-03 19:26:00",69,"F","HISPANIC","Other",0,"1970-01-01","2166-05-02 16:53:00","2166-04-25 09:21:00",51.86,90.15
10003390,"2169-01-28 05:41:00","2169-02-02 10:11:00",85,"M","WHITE","Other",0,"1970-01-01","2169-01-31 21:51:00","2169-01-28 05:41:00",52.73,79.15
10000979,"2175-07-13 18:35:00","2175-07-16 01:10:00",93,"M","BLACK","Other",0,"1970-01-01","2175-07-15 02:38:00","2175-07-13 18:35:00",54.44,37.52
10004663,"2124-01-14 11:23:00","2124-01-19 22:20:00",98,"M","HISPANIC","Medicare",0,"1970-01-01","2124-01-17 15:08:00","2124-01-14 11:23:00",34.14,136.53
10004594,"2137-09-02 07:04:00","2137-09-06 18:27:00",81,"M","WHITE","Medicare",0,"1970-01-01","2137-09-04 13:43:00","2137-09-02 07:04:00",50.83,76.28
10006072,"2186-09-09 13:56:00","2186-09-13 19:26:00",49,"F","HISPANIC","Other",0,"1970-01-01","2186-09-11 15:52:00","2186-09-09 13:56:00",82.72,96.43
10006150,"2141-01-11 09:09:00","2141-01-12 07:15:00",60,"F","BLACK","Other",0,"1970-01-01","2141-01-11 19:41:00","2141-01-11 09:09:00",35.02,28.77
10002618,"2184-07-18 11:23:00","2184-07-25 11:07:00",56,"F","WHITE","Medicare",0,"1970-01-01","2184-07-22 18:01:00","2184-07-18 11:23:00",95.29,6.21
10002326,"2133-06-08 10:27:00","2133-06-10 03:24:00",82,"F","WHITE","Other",0,"1970-01-01","2133-06-09 09:16:00","2133-06-08 10:27:00",40.83,43.16
10006817,"2125-06-28 02:14:00","2125-06-29 02:17:00",63,"M","ASIAN","Medicare",0,"1970-01-01","2125-06-28 22:53:00","2125-06-28 02:14:00",62.83,23.36
10009678,"2144-01-18 17:22:00","2144-01-21 09:13:00",47,"F","BLACK","Other",0,"1970-01-01","2144-01-19 17:33:00","2144-01-18 17:22:00",56.45,73.91
10004351,"2129-08-10 04:35:00","2129-08-17 20:36:00",83,"M","WHITE","Other",0,"1970-01-01","2129-08-15 12:03:00","2129-08-10 04:35:00",71.01,120.58
10006228,"2169-06-29 22:04:00","2170-07-01 04:40:00",57,"F","WHITE","Medicare",0,"1970-01-01","2170-06-30 18:59:00","2169-06-29 22:04:00",98.28,34.53
10005009,"2133-07-01 15:55:00","2133-07-03 01:59:00",55,"F","BLACK","Medicare",0,"1970-01-01","2133-07-02 23:44:00","2133-07-01 15:55:00",53.42,41.47
10007271,"2129-05-18 04:39:00","2129-05-23 04:51:00",77,"F","HISPANIC","Medicare",0,"1970-01-01","2129-05-21 11:59:00","2129-05-18 04:39:00",32.83,50.92
10005649,"2171-08-31 07:14:00","2171-09-01 05:50:00",52,"F","ASIAN","Medicare",0,"1970-01-01","2171-08-31 16:33:00","2171-08-31 07:14:00",47.38,13.34
10000498,"2152-07-11 16:59:00","2152-07-15 15:36:00",81,"M","WHITE","Medicare",0,"1970-01-01","2152-07-14 09:56:00","2152-07-11 16:59:00",51.96,124.01
10006394,"2134-07-25 14:21:00","2134-07-27 06:14:00",78,"F","HISPANIC","Other",0,"1970-01-01","2134-07-26 22:32:00","2134-07-25 14:21:00",70.95,16.18